{
    "accuracy": 0.47696139476961397,
    "precision": 0.5228758169934641,
    "recall": 0.54421768707483,
    "f1_score": 0.5333333333333333,
    "confusion_matrix": [
        [
            143,
            219
        ],
        [
            201,
            240
        ]
    ],
    "cumulative_return": 0.004432788784624497,
    "annualized_return": 0.0010580491064700048,
    "volatility": 0.12114026889237033,
    "sharpe_ratio": 0.00873408253212688,
    "max_drawdown": -0.2331151768882267,
    "win_rate": 0.22675521821631878,
    "n_trades": 328.0
}